{
    "HSVmodBg": {
        "Hue": 0,
        "Saturation": 0,
        "Value": -0.20588235294117652
    },
    "HSVmodFg": {
        "Hue": 0,
        "Saturation": 0,
        "Value": -0.02941176470588236
    },
    "HSVmodTile": {
        "Hue": 0,
        "Saturation": 0,
        "Value": 0.12745098039215685
    }
}